--
-- PostgreSQL database dump
--

-- Dumped from database version 16.1 (Debian 16.1-1.pgdg120+1)
-- Dumped by pg_dump version 16.1 (Debian 16.1-1.pgdg120+1)

SET statement_timeout = 0;
SET lock_timeout = 0;
SET idle_in_transaction_session_timeout = 0;
SET client_encoding = 'UTF8';
SET standard_conforming_strings = on;
SELECT pg_catalog.set_config('search_path', '', false);
SET check_function_bodies = false;
SET xmloption = content;
SET client_min_messages = warning;
SET row_security = off;

SET default_tablespace = '';

SET default_table_access_method = heap;

--
-- Name: auth_group; Type: TABLE; Schema: public; Owner: postgres
--

CREATE TABLE public.auth_group (
    id integer NOT NULL,
    name character varying(150) NOT NULL
);


ALTER TABLE public.auth_group OWNER TO postgres;

--
-- Name: auth_group_id_seq; Type: SEQUENCE; Schema: public; Owner: postgres
--

ALTER TABLE public.auth_group ALTER COLUMN id ADD GENERATED BY DEFAULT AS IDENTITY (
    SEQUENCE NAME public.auth_group_id_seq
    START WITH 1
    INCREMENT BY 1
    NO MINVALUE
    NO MAXVALUE
    CACHE 1
);


--
-- Name: auth_group_permissions; Type: TABLE; Schema: public; Owner: postgres
--

CREATE TABLE public.auth_group_permissions (
    id bigint NOT NULL,
    group_id integer NOT NULL,
    permission_id integer NOT NULL
);


ALTER TABLE public.auth_group_permissions OWNER TO postgres;

--
-- Name: auth_group_permissions_id_seq; Type: SEQUENCE; Schema: public; Owner: postgres
--

ALTER TABLE public.auth_group_permissions ALTER COLUMN id ADD GENERATED BY DEFAULT AS IDENTITY (
    SEQUENCE NAME public.auth_group_permissions_id_seq
    START WITH 1
    INCREMENT BY 1
    NO MINVALUE
    NO MAXVALUE
    CACHE 1
);


--
-- Name: auth_permission; Type: TABLE; Schema: public; Owner: postgres
--

CREATE TABLE public.auth_permission (
    id integer NOT NULL,
    name character varying(255) NOT NULL,
    content_type_id integer NOT NULL,
    codename character varying(100) NOT NULL
);


ALTER TABLE public.auth_permission OWNER TO postgres;

--
-- Name: auth_permission_id_seq; Type: SEQUENCE; Schema: public; Owner: postgres
--

ALTER TABLE public.auth_permission ALTER COLUMN id ADD GENERATED BY DEFAULT AS IDENTITY (
    SEQUENCE NAME public.auth_permission_id_seq
    START WITH 1
    INCREMENT BY 1
    NO MINVALUE
    NO MAXVALUE
    CACHE 1
);


--
-- Name: auth_user; Type: TABLE; Schema: public; Owner: postgres
--

CREATE TABLE public.auth_user (
    id integer NOT NULL,
    password character varying(128) NOT NULL,
    last_login timestamp with time zone,
    is_superuser boolean NOT NULL,
    username character varying(150) NOT NULL,
    first_name character varying(150) NOT NULL,
    last_name character varying(150) NOT NULL,
    email character varying(254) NOT NULL,
    is_staff boolean NOT NULL,
    is_active boolean NOT NULL,
    date_joined timestamp with time zone NOT NULL
);


ALTER TABLE public.auth_user OWNER TO postgres;

--
-- Name: auth_user_groups; Type: TABLE; Schema: public; Owner: postgres
--

CREATE TABLE public.auth_user_groups (
    id bigint NOT NULL,
    user_id integer NOT NULL,
    group_id integer NOT NULL
);


ALTER TABLE public.auth_user_groups OWNER TO postgres;

--
-- Name: auth_user_groups_id_seq; Type: SEQUENCE; Schema: public; Owner: postgres
--

ALTER TABLE public.auth_user_groups ALTER COLUMN id ADD GENERATED BY DEFAULT AS IDENTITY (
    SEQUENCE NAME public.auth_user_groups_id_seq
    START WITH 1
    INCREMENT BY 1
    NO MINVALUE
    NO MAXVALUE
    CACHE 1
);


--
-- Name: auth_user_id_seq; Type: SEQUENCE; Schema: public; Owner: postgres
--

ALTER TABLE public.auth_user ALTER COLUMN id ADD GENERATED BY DEFAULT AS IDENTITY (
    SEQUENCE NAME public.auth_user_id_seq
    START WITH 1
    INCREMENT BY 1
    NO MINVALUE
    NO MAXVALUE
    CACHE 1
);


--
-- Name: auth_user_user_permissions; Type: TABLE; Schema: public; Owner: postgres
--

CREATE TABLE public.auth_user_user_permissions (
    id bigint NOT NULL,
    user_id integer NOT NULL,
    permission_id integer NOT NULL
);


ALTER TABLE public.auth_user_user_permissions OWNER TO postgres;

--
-- Name: auth_user_user_permissions_id_seq; Type: SEQUENCE; Schema: public; Owner: postgres
--

ALTER TABLE public.auth_user_user_permissions ALTER COLUMN id ADD GENERATED BY DEFAULT AS IDENTITY (
    SEQUENCE NAME public.auth_user_user_permissions_id_seq
    START WITH 1
    INCREMENT BY 1
    NO MINVALUE
    NO MAXVALUE
    CACHE 1
);


--
-- Name: authtoken_token; Type: TABLE; Schema: public; Owner: postgres
--

CREATE TABLE public.authtoken_token (
    key character varying(40) NOT NULL,
    created timestamp with time zone NOT NULL,
    user_id integer NOT NULL
);


ALTER TABLE public.authtoken_token OWNER TO postgres;

--
-- Name: django_admin_log; Type: TABLE; Schema: public; Owner: postgres
--

CREATE TABLE public.django_admin_log (
    id integer NOT NULL,
    action_time timestamp with time zone NOT NULL,
    object_id text,
    object_repr character varying(200) NOT NULL,
    action_flag smallint NOT NULL,
    change_message text NOT NULL,
    content_type_id integer,
    user_id integer NOT NULL,
    CONSTRAINT django_admin_log_action_flag_check CHECK ((action_flag >= 0))
);


ALTER TABLE public.django_admin_log OWNER TO postgres;

--
-- Name: django_admin_log_id_seq; Type: SEQUENCE; Schema: public; Owner: postgres
--

ALTER TABLE public.django_admin_log ALTER COLUMN id ADD GENERATED BY DEFAULT AS IDENTITY (
    SEQUENCE NAME public.django_admin_log_id_seq
    START WITH 1
    INCREMENT BY 1
    NO MINVALUE
    NO MAXVALUE
    CACHE 1
);


--
-- Name: django_content_type; Type: TABLE; Schema: public; Owner: postgres
--

CREATE TABLE public.django_content_type (
    id integer NOT NULL,
    app_label character varying(100) NOT NULL,
    model character varying(100) NOT NULL
);


ALTER TABLE public.django_content_type OWNER TO postgres;

--
-- Name: django_content_type_id_seq; Type: SEQUENCE; Schema: public; Owner: postgres
--

ALTER TABLE public.django_content_type ALTER COLUMN id ADD GENERATED BY DEFAULT AS IDENTITY (
    SEQUENCE NAME public.django_content_type_id_seq
    START WITH 1
    INCREMENT BY 1
    NO MINVALUE
    NO MAXVALUE
    CACHE 1
);


--
-- Name: django_migrations; Type: TABLE; Schema: public; Owner: postgres
--

CREATE TABLE public.django_migrations (
    id bigint NOT NULL,
    app character varying(255) NOT NULL,
    name character varying(255) NOT NULL,
    applied timestamp with time zone NOT NULL
);


ALTER TABLE public.django_migrations OWNER TO postgres;

--
-- Name: django_migrations_id_seq; Type: SEQUENCE; Schema: public; Owner: postgres
--

ALTER TABLE public.django_migrations ALTER COLUMN id ADD GENERATED BY DEFAULT AS IDENTITY (
    SEQUENCE NAME public.django_migrations_id_seq
    START WITH 1
    INCREMENT BY 1
    NO MINVALUE
    NO MAXVALUE
    CACHE 1
);


--
-- Name: django_session; Type: TABLE; Schema: public; Owner: postgres
--

CREATE TABLE public.django_session (
    session_key character varying(40) NOT NULL,
    session_data text NOT NULL,
    expire_date timestamp with time zone NOT NULL
);


ALTER TABLE public.django_session OWNER TO postgres;

--
-- Name: expenses_expense; Type: TABLE; Schema: public; Owner: postgres
--

CREATE TABLE public.expenses_expense (
    id bigint NOT NULL,
    category character varying(40) NOT NULL,
    amount numeric(6,2) NOT NULL,
    date date NOT NULL,
    description text NOT NULL,
    user_id integer NOT NULL,
    subcategory character varying(100) NOT NULL
);


ALTER TABLE public.expenses_expense OWNER TO postgres;

--
-- Name: expenses_expense_id_seq; Type: SEQUENCE; Schema: public; Owner: postgres
--

ALTER TABLE public.expenses_expense ALTER COLUMN id ADD GENERATED BY DEFAULT AS IDENTITY (
    SEQUENCE NAME public.expenses_expense_id_seq
    START WITH 1
    INCREMENT BY 1
    NO MINVALUE
    NO MAXVALUE
    CACHE 1
);


--
-- Name: expenses_report; Type: TABLE; Schema: public; Owner: postgres
--

CREATE TABLE public.expenses_report (
    id bigint NOT NULL,
    year integer NOT NULL,
    month integer,
    show_report_url character varying(200),
    user_id integer NOT NULL,
    data jsonb NOT NULL,
    report_save_path character varying(100)
);


ALTER TABLE public.expenses_report OWNER TO postgres;

--
-- Name: expenses_report_id_seq; Type: SEQUENCE; Schema: public; Owner: postgres
--

ALTER TABLE public.expenses_report ALTER COLUMN id ADD GENERATED BY DEFAULT AS IDENTITY (
    SEQUENCE NAME public.expenses_report_id_seq
    START WITH 1
    INCREMENT BY 1
    NO MINVALUE
    NO MAXVALUE
    CACHE 1
);


--
-- Data for Name: auth_group; Type: TABLE DATA; Schema: public; Owner: postgres
--

COPY public.auth_group (id, name) FROM stdin;
\.


--
-- Data for Name: auth_group_permissions; Type: TABLE DATA; Schema: public; Owner: postgres
--

COPY public.auth_group_permissions (id, group_id, permission_id) FROM stdin;
\.


--
-- Data for Name: auth_permission; Type: TABLE DATA; Schema: public; Owner: postgres
--

COPY public.auth_permission (id, name, content_type_id, codename) FROM stdin;
1	Can add log entry	1	add_logentry
2	Can change log entry	1	change_logentry
3	Can delete log entry	1	delete_logentry
4	Can view log entry	1	view_logentry
5	Can add permission	2	add_permission
6	Can change permission	2	change_permission
7	Can delete permission	2	delete_permission
8	Can view permission	2	view_permission
9	Can add group	3	add_group
10	Can change group	3	change_group
11	Can delete group	3	delete_group
12	Can view group	3	view_group
13	Can add user	4	add_user
14	Can change user	4	change_user
15	Can delete user	4	delete_user
16	Can view user	4	view_user
17	Can add content type	5	add_contenttype
18	Can change content type	5	change_contenttype
19	Can delete content type	5	delete_contenttype
20	Can view content type	5	view_contenttype
21	Can add session	6	add_session
22	Can change session	6	change_session
23	Can delete session	6	delete_session
24	Can view session	6	view_session
25	Can add expense	7	add_expense
26	Can change expense	7	change_expense
27	Can delete expense	7	delete_expense
28	Can view expense	7	view_expense
29	Can add report	8	add_report
30	Can change report	8	change_report
31	Can delete report	8	delete_report
32	Can view report	8	view_report
33	Can add Token	9	add_token
34	Can change Token	9	change_token
35	Can delete Token	9	delete_token
36	Can view Token	9	view_token
37	Can add token	10	add_tokenproxy
38	Can change token	10	change_tokenproxy
39	Can delete token	10	delete_tokenproxy
40	Can view token	10	view_tokenproxy
\.


--
-- Data for Name: auth_user; Type: TABLE DATA; Schema: public; Owner: postgres
--

COPY public.auth_user (id, password, last_login, is_superuser, username, first_name, last_name, email, is_staff, is_active, date_joined) FROM stdin;
1	pbkdf2_sha256$600000$XZ7K6c2qcx6xm50bdHZwYj$Fj4L/pFhzYa6lWKkz4LxbC+I5FcIo+zIEW36s4I6Iy4=	2023-12-03 19:48:02.058263+00	t	admin			admin@gmail.com	t	t	2023-12-03 19:47:29.032701+00
2	pbkdf2_sha256$600000$jkN2gEWfgEiGDMWAbGRza9$Uh48Gu85Fw1fytYU1p+Xn9m9naTCz+AK5Z39ggnP/Og=	2023-12-03 19:48:35.986244+00	f	TestUser				f	t	2023-12-03 19:48:14+00
\.


--
-- Data for Name: auth_user_groups; Type: TABLE DATA; Schema: public; Owner: postgres
--

COPY public.auth_user_groups (id, user_id, group_id) FROM stdin;
\.


--
-- Data for Name: auth_user_user_permissions; Type: TABLE DATA; Schema: public; Owner: postgres
--

COPY public.auth_user_user_permissions (id, user_id, permission_id) FROM stdin;
\.


--
-- Data for Name: authtoken_token; Type: TABLE DATA; Schema: public; Owner: postgres
--

COPY public.authtoken_token (key, created, user_id) FROM stdin;
e0f4aeb9f78a9a1602a4520cba97de27e0b7acb9	2023-12-03 19:49:00.189115+00	2
\.


--
-- Data for Name: django_admin_log; Type: TABLE DATA; Schema: public; Owner: postgres
--

COPY public.django_admin_log (id, action_time, object_id, object_repr, action_flag, change_message, content_type_id, user_id) FROM stdin;
1	2023-12-03 19:48:15.244857+00	2	TestUser	1	[{"added": {}}]	4	1
2	2023-12-03 19:48:19.926434+00	2	TestUser	2	[]	4	1
\.


--
-- Data for Name: django_content_type; Type: TABLE DATA; Schema: public; Owner: postgres
--

COPY public.django_content_type (id, app_label, model) FROM stdin;
1	admin	logentry
2	auth	permission
3	auth	group
4	auth	user
5	contenttypes	contenttype
6	sessions	session
7	expenses	expense
8	expenses	report
9	authtoken	token
10	authtoken	tokenproxy
\.


--
-- Data for Name: django_migrations; Type: TABLE DATA; Schema: public; Owner: postgres
--

COPY public.django_migrations (id, app, name, applied) FROM stdin;
1	contenttypes	0001_initial	2023-12-03 19:47:24.075545+00
2	auth	0001_initial	2023-12-03 19:47:24.398399+00
3	admin	0001_initial	2023-12-03 19:47:24.480969+00
4	admin	0002_logentry_remove_auto_add	2023-12-03 19:47:24.495623+00
5	admin	0003_logentry_add_action_flag_choices	2023-12-03 19:47:24.510017+00
6	contenttypes	0002_remove_content_type_name	2023-12-03 19:47:24.542505+00
7	auth	0002_alter_permission_name_max_length	2023-12-03 19:47:24.557744+00
8	auth	0003_alter_user_email_max_length	2023-12-03 19:47:24.573424+00
9	auth	0004_alter_user_username_opts	2023-12-03 19:47:24.587566+00
10	auth	0005_alter_user_last_login_null	2023-12-03 19:47:24.604603+00
11	auth	0006_require_contenttypes_0002	2023-12-03 19:47:24.611197+00
12	auth	0007_alter_validators_add_error_messages	2023-12-03 19:47:24.626442+00
13	auth	0008_alter_user_username_max_length	2023-12-03 19:47:24.659979+00
14	auth	0009_alter_user_last_name_max_length	2023-12-03 19:47:24.674746+00
15	auth	0010_alter_group_name_max_length	2023-12-03 19:47:24.693341+00
16	auth	0011_update_proxy_permissions	2023-12-03 19:47:24.709391+00
17	auth	0012_alter_user_first_name_max_length	2023-12-03 19:47:24.724614+00
18	authtoken	0001_initial	2023-12-03 19:47:24.79008+00
19	authtoken	0002_auto_20160226_1747	2023-12-03 19:47:24.824601+00
20	authtoken	0003_tokenproxy	2023-12-03 19:47:24.832067+00
21	expenses	0001_initial	2023-12-03 19:47:24.898373+00
22	expenses	0002_alter_expense_date_alter_expense_user	2023-12-03 19:47:24.918191+00
23	expenses	0003_expense_subcategory_alter_expense_date	2023-12-03 19:47:24.954556+00
24	expenses	0004_alter_expense_amount_alter_expense_date_and_more	2023-12-03 19:47:25.0117+00
25	expenses	0005_alter_expense_category_alter_expense_date	2023-12-03 19:47:25.038477+00
26	expenses	0006_alter_expense_amount_alter_expense_category_and_more	2023-12-03 19:47:25.107959+00
27	expenses	0007_alter_expense_category_alter_expense_subcategory	2023-12-03 19:47:25.13988+00
28	expenses	0008_alter_expense_category_alter_expense_date	2023-12-03 19:47:25.169213+00
29	expenses	0009_alter_expense_category_alter_expense_date_and_more	2023-12-03 19:47:25.204797+00
30	expenses	0010_alter_expense_amount_alter_expense_date	2023-12-03 19:47:25.231848+00
31	expenses	0011_alter_expense_date	2023-12-03 19:47:25.25132+00
32	expenses	0012_alter_expense_category_alter_expense_date	2023-12-03 19:47:25.27686+00
33	expenses	0013_alter_expense_date_report	2023-12-03 19:47:25.360609+00
34	expenses	0014_alter_report_data_alter_report_report_pdf	2023-12-03 19:47:25.404757+00
35	expenses	0015_alter_report_report_pdf	2023-12-03 19:47:25.431672+00
36	expenses	0016_remove_report_data	2023-12-03 19:47:25.454158+00
37	expenses	0017_report_data	2023-12-03 19:47:25.485125+00
38	expenses	0018_alter_report_data	2023-12-03 19:47:25.542688+00
39	expenses	0019_report_report_save_path	2023-12-03 19:47:25.575487+00
40	expenses	0020_alter_report_report_save_path	2023-12-03 19:47:25.597809+00
41	expenses	0021_alter_report_report_save_path	2023-12-03 19:47:25.615499+00
42	expenses	0022_alter_report_report_save_path	2023-12-03 19:47:25.632549+00
43	expenses	0023_rename_report_pdf_report_show_report_url	2023-12-03 19:47:25.6498+00
44	expenses	0024_alter_report_month	2023-12-03 19:47:25.667661+00
45	expenses	0025_alter_expense_date	2023-12-03 19:47:25.684135+00
46	sessions	0001_initial	2023-12-03 19:47:25.731439+00
47	expenses	0026_alter_expense_date	2023-12-04 14:46:01.811108+00
\.


--
-- Data for Name: django_session; Type: TABLE DATA; Schema: public; Owner: postgres
--

COPY public.django_session (session_key, session_data, expire_date) FROM stdin;
476p0uc6uqekga8f8pps8d3ftadhyutc	.eJxVjEEOwiAQRe_C2hAKAoNL956BzDBUqgaS0q6Md7dNutDtf--_t4i4LiWuPc9xYnERWpx-N8L0zHUH_MB6bzK1uswTyV2RB-3y1ji_rof7FyjYy_Y2KgRrBiYiq1D7DKBdghHO5H3eOsZBMtZCwKw9KrYenB00jQmZdRCfL9eEN-E:1r9sSB:TixQG9IzCVVgu0tk4Ln3d1JnYPpvQifsGa8gP65HTTw	2023-12-17 19:48:35.992017+00
\.


--
-- Data for Name: expenses_expense; Type: TABLE DATA; Schema: public; Owner: postgres
--

COPY public.expenses_expense (id, category, amount, date, description, user_id, subcategory) FROM stdin;
1	Savings	329.00	2019-01-17	Test description 1	2	Financial cushion
2	Food	159.00	2019-01-08	Test description 2	2	Groceries
3	Flat rent	966.00	2019-01-21	Test description 3	2	Flat rent
4	Multimedia fees	192.00	2019-01-25	Test description 4	2	Phone
5	Transport	216.00	2019-01-03	Test description 5	2	Gas
6	Loans	831.00	2019-01-23	Test description 6	2	Loan
7	Fund costs	443.00	2019-01-23	Test description 7	2	Health care
8	Company expenses	192.00	2019-01-24	Test description 8	2	Others
9	My loans to others	9.00	2019-01-24	Test description 9	2	Others
10	Others	182.00	2019-01-16	Test description 10	2	Others
11	Savings	518.00	2019-02-01	Test description 11	2	Financial cushion
12	Food	927.00	2019-02-12	Test description 12	2	Groceries
13	Flat rent	412.00	2019-02-02	Test description 13	2	Flat rent
14	Multimedia fees	867.00	2019-02-10	Test description 14	2	Phone
15	Transport	833.00	2019-02-03	Test description 15	2	Gas
16	Loans	631.00	2019-02-14	Test description 16	2	Loan
17	Fund costs	528.00	2019-02-26	Test description 17	2	Health care
18	Company expenses	917.00	2019-02-22	Test description 18	2	Others
19	My loans to others	869.00	2019-02-20	Test description 19	2	Others
20	Others	990.00	2019-02-24	Test description 20	2	Others
21	Savings	125.00	2019-03-13	Test description 21	2	Financial cushion
22	Food	70.00	2019-03-17	Test description 22	2	Groceries
23	Flat rent	356.00	2019-03-23	Test description 23	2	Flat rent
24	Multimedia fees	322.00	2019-03-05	Test description 24	2	Phone
25	Transport	400.00	2019-03-20	Test description 25	2	Gas
26	Loans	821.00	2019-03-04	Test description 26	2	Loan
27	Fund costs	306.00	2019-03-02	Test description 27	2	Health care
28	Company expenses	984.00	2019-03-08	Test description 28	2	Others
29	My loans to others	492.00	2019-03-09	Test description 29	2	Others
30	Others	457.00	2019-03-01	Test description 30	2	Others
31	Savings	61.00	2019-04-05	Test description 31	2	Financial cushion
32	Food	523.00	2019-04-11	Test description 32	2	Groceries
33	Flat rent	277.00	2019-04-06	Test description 33	2	Flat rent
34	Multimedia fees	997.00	2019-04-13	Test description 34	2	Phone
35	Transport	380.00	2019-04-24	Test description 35	2	Gas
36	Loans	498.00	2019-04-04	Test description 36	2	Loan
37	Fund costs	904.00	2019-04-09	Test description 37	2	Health care
38	Company expenses	452.00	2019-04-11	Test description 38	2	Others
39	My loans to others	754.00	2019-04-07	Test description 39	2	Others
40	Others	107.00	2019-04-18	Test description 40	2	Others
41	Savings	306.00	2019-05-23	Test description 41	2	Financial cushion
42	Food	952.00	2019-05-03	Test description 42	2	Groceries
43	Flat rent	402.00	2019-05-07	Test description 43	2	Flat rent
44	Multimedia fees	739.00	2019-05-17	Test description 44	2	Phone
45	Transport	947.00	2019-05-12	Test description 45	2	Gas
46	Loans	828.00	2019-05-14	Test description 46	2	Loan
47	Fund costs	267.00	2019-05-21	Test description 47	2	Health care
48	Company expenses	329.00	2019-05-06	Test description 48	2	Others
49	My loans to others	700.00	2019-05-02	Test description 49	2	Others
50	Others	52.00	2019-05-14	Test description 50	2	Others
51	Savings	46.00	2019-06-28	Test description 51	2	Financial cushion
52	Food	406.00	2019-06-23	Test description 52	2	Groceries
53	Flat rent	106.00	2019-06-06	Test description 53	2	Flat rent
54	Multimedia fees	467.00	2019-06-20	Test description 54	2	Phone
55	Transport	61.00	2019-06-24	Test description 55	2	Gas
56	Loans	598.00	2019-06-19	Test description 56	2	Loan
57	Fund costs	325.00	2019-06-02	Test description 57	2	Health care
58	Company expenses	797.00	2019-06-11	Test description 58	2	Others
59	My loans to others	369.00	2019-06-20	Test description 59	2	Others
60	Others	966.00	2019-06-21	Test description 60	2	Others
61	Savings	518.00	2019-07-27	Test description 61	2	Financial cushion
62	Food	617.00	2019-07-13	Test description 62	2	Groceries
63	Flat rent	27.00	2019-07-25	Test description 63	2	Flat rent
64	Multimedia fees	33.00	2019-07-02	Test description 64	2	Phone
65	Transport	446.00	2019-07-10	Test description 65	2	Gas
66	Loans	784.00	2019-07-08	Test description 66	2	Loan
67	Fund costs	949.00	2019-07-23	Test description 67	2	Health care
68	Company expenses	804.00	2019-07-17	Test description 68	2	Others
69	My loans to others	889.00	2019-07-26	Test description 69	2	Others
70	Others	172.00	2019-07-23	Test description 70	2	Others
71	Savings	379.00	2019-08-19	Test description 71	2	Financial cushion
72	Food	154.00	2019-08-25	Test description 72	2	Groceries
73	Flat rent	978.00	2019-08-28	Test description 73	2	Flat rent
74	Multimedia fees	236.00	2019-08-28	Test description 74	2	Phone
75	Transport	83.00	2019-08-12	Test description 75	2	Gas
76	Loans	632.00	2019-08-12	Test description 76	2	Loan
77	Fund costs	577.00	2019-08-07	Test description 77	2	Health care
78	Company expenses	529.00	2019-08-27	Test description 78	2	Others
79	My loans to others	283.00	2019-08-21	Test description 79	2	Others
80	Others	439.00	2019-08-15	Test description 80	2	Others
81	Savings	552.00	2019-09-20	Test description 81	2	Financial cushion
82	Food	560.00	2019-09-06	Test description 82	2	Groceries
83	Flat rent	443.00	2019-09-24	Test description 83	2	Flat rent
84	Multimedia fees	436.00	2019-09-25	Test description 84	2	Phone
85	Transport	556.00	2019-09-27	Test description 85	2	Gas
86	Loans	594.00	2019-09-25	Test description 86	2	Loan
87	Fund costs	408.00	2019-09-21	Test description 87	2	Health care
88	Company expenses	314.00	2019-09-03	Test description 88	2	Others
89	My loans to others	63.00	2019-09-11	Test description 89	2	Others
90	Others	15.00	2019-09-11	Test description 90	2	Others
91	Savings	535.00	2019-10-23	Test description 91	2	Financial cushion
92	Food	926.00	2019-10-13	Test description 92	2	Groceries
93	Flat rent	773.00	2019-10-20	Test description 93	2	Flat rent
94	Multimedia fees	987.00	2019-10-15	Test description 94	2	Phone
95	Transport	904.00	2019-10-13	Test description 95	2	Gas
96	Loans	865.00	2019-10-04	Test description 96	2	Loan
97	Fund costs	545.00	2019-10-25	Test description 97	2	Health care
98	Company expenses	857.00	2019-10-26	Test description 98	2	Others
99	My loans to others	244.00	2019-10-14	Test description 99	2	Others
100	Others	622.00	2019-10-07	Test description 100	2	Others
101	Savings	872.00	2019-11-25	Test description 101	2	Financial cushion
102	Food	678.00	2019-11-08	Test description 102	2	Groceries
103	Flat rent	560.00	2019-11-07	Test description 103	2	Flat rent
104	Multimedia fees	264.00	2019-11-23	Test description 104	2	Phone
105	Transport	691.00	2019-11-22	Test description 105	2	Gas
106	Loans	386.00	2019-11-09	Test description 106	2	Loan
107	Fund costs	859.00	2019-11-20	Test description 107	2	Health care
108	Company expenses	133.00	2019-11-24	Test description 108	2	Others
109	My loans to others	795.00	2019-11-05	Test description 109	2	Others
110	Others	761.00	2019-11-15	Test description 110	2	Others
111	Savings	137.00	2019-12-03	Test description 111	2	Financial cushion
112	Food	346.00	2019-12-10	Test description 112	2	Groceries
113	Flat rent	991.00	2019-12-13	Test description 113	2	Flat rent
114	Multimedia fees	925.00	2019-12-22	Test description 114	2	Phone
115	Transport	377.00	2019-12-24	Test description 115	2	Gas
116	Loans	969.00	2019-12-06	Test description 116	2	Loan
117	Fund costs	418.00	2019-12-06	Test description 117	2	Health care
118	Company expenses	281.00	2019-12-07	Test description 118	2	Others
119	My loans to others	195.00	2019-12-04	Test description 119	2	Others
120	Others	56.00	2019-12-02	Test description 120	2	Others
121	Savings	50.00	2020-01-21	Test description 121	2	Financial cushion
122	Food	307.00	2020-01-23	Test description 122	2	Groceries
123	Flat rent	933.00	2020-01-08	Test description 123	2	Flat rent
124	Multimedia fees	508.00	2020-01-15	Test description 124	2	Phone
125	Transport	307.00	2020-01-08	Test description 125	2	Gas
126	Loans	404.00	2020-01-13	Test description 126	2	Loan
127	Fund costs	127.00	2020-01-13	Test description 127	2	Health care
128	Company expenses	64.00	2020-01-15	Test description 128	2	Others
129	My loans to others	995.00	2020-01-11	Test description 129	2	Others
130	Others	974.00	2020-01-11	Test description 130	2	Others
131	Savings	293.00	2020-02-17	Test description 131	2	Financial cushion
132	Food	268.00	2020-02-15	Test description 132	2	Groceries
133	Flat rent	103.00	2020-02-13	Test description 133	2	Flat rent
134	Multimedia fees	172.00	2020-02-19	Test description 134	2	Phone
135	Transport	763.00	2020-02-28	Test description 135	2	Gas
136	Loans	609.00	2020-02-07	Test description 136	2	Loan
137	Fund costs	81.00	2020-02-21	Test description 137	2	Health care
138	Company expenses	650.00	2020-02-01	Test description 138	2	Others
139	My loans to others	9.00	2020-02-14	Test description 139	2	Others
140	Others	203.00	2020-02-10	Test description 140	2	Others
141	Savings	242.00	2020-03-05	Test description 141	2	Financial cushion
142	Food	845.00	2020-03-28	Test description 142	2	Groceries
143	Flat rent	527.00	2020-03-12	Test description 143	2	Flat rent
144	Multimedia fees	604.00	2020-03-09	Test description 144	2	Phone
145	Transport	209.00	2020-03-15	Test description 145	2	Gas
146	Loans	712.00	2020-03-26	Test description 146	2	Loan
147	Fund costs	390.00	2020-03-18	Test description 147	2	Health care
148	Company expenses	498.00	2020-03-25	Test description 148	2	Others
149	My loans to others	120.00	2020-03-20	Test description 149	2	Others
150	Others	427.00	2020-03-14	Test description 150	2	Others
151	Savings	402.00	2020-04-06	Test description 151	2	Financial cushion
152	Food	976.00	2020-04-28	Test description 152	2	Groceries
153	Flat rent	519.00	2020-04-01	Test description 153	2	Flat rent
154	Multimedia fees	499.00	2020-04-21	Test description 154	2	Phone
155	Transport	675.00	2020-04-04	Test description 155	2	Gas
156	Loans	318.00	2020-04-05	Test description 156	2	Loan
157	Fund costs	244.00	2020-04-01	Test description 157	2	Health care
158	Company expenses	940.00	2020-04-16	Test description 158	2	Others
159	My loans to others	3.00	2020-04-11	Test description 159	2	Others
160	Others	318.00	2020-04-04	Test description 160	2	Others
161	Savings	294.00	2020-05-12	Test description 161	2	Financial cushion
162	Food	517.00	2020-05-26	Test description 162	2	Groceries
163	Flat rent	152.00	2020-05-28	Test description 163	2	Flat rent
164	Multimedia fees	159.00	2020-05-08	Test description 164	2	Phone
165	Transport	366.00	2020-05-22	Test description 165	2	Gas
166	Loans	590.00	2020-05-10	Test description 166	2	Loan
167	Fund costs	895.00	2020-05-10	Test description 167	2	Health care
168	Company expenses	55.00	2020-05-12	Test description 168	2	Others
169	My loans to others	359.00	2020-05-05	Test description 169	2	Others
170	Others	424.00	2020-05-04	Test description 170	2	Others
171	Savings	685.00	2020-06-23	Test description 171	2	Financial cushion
172	Food	117.00	2020-06-12	Test description 172	2	Groceries
173	Flat rent	161.00	2020-06-17	Test description 173	2	Flat rent
174	Multimedia fees	718.00	2020-06-16	Test description 174	2	Phone
175	Transport	1.00	2020-06-15	Test description 175	2	Gas
176	Loans	119.00	2020-06-13	Test description 176	2	Loan
177	Fund costs	716.00	2020-06-02	Test description 177	2	Health care
178	Company expenses	14.00	2020-06-06	Test description 178	2	Others
179	My loans to others	491.00	2020-06-16	Test description 179	2	Others
180	Others	797.00	2020-06-09	Test description 180	2	Others
181	Savings	666.00	2020-07-14	Test description 181	2	Financial cushion
182	Food	965.00	2020-07-11	Test description 182	2	Groceries
183	Flat rent	822.00	2020-07-22	Test description 183	2	Flat rent
184	Multimedia fees	720.00	2020-07-22	Test description 184	2	Phone
185	Transport	736.00	2020-07-24	Test description 185	2	Gas
186	Loans	611.00	2020-07-06	Test description 186	2	Loan
187	Fund costs	40.00	2020-07-26	Test description 187	2	Health care
188	Company expenses	304.00	2020-07-21	Test description 188	2	Others
189	My loans to others	377.00	2020-07-06	Test description 189	2	Others
190	Others	188.00	2020-07-14	Test description 190	2	Others
191	Savings	197.00	2020-08-16	Test description 191	2	Financial cushion
192	Food	430.00	2020-08-16	Test description 192	2	Groceries
193	Flat rent	999.00	2020-08-07	Test description 193	2	Flat rent
194	Multimedia fees	907.00	2020-08-13	Test description 194	2	Phone
195	Transport	79.00	2020-08-16	Test description 195	2	Gas
196	Loans	913.00	2020-08-25	Test description 196	2	Loan
197	Fund costs	498.00	2020-08-18	Test description 197	2	Health care
198	Company expenses	755.00	2020-08-10	Test description 198	2	Others
199	My loans to others	859.00	2020-08-22	Test description 199	2	Others
200	Others	50.00	2020-08-16	Test description 200	2	Others
201	Savings	972.00	2020-09-19	Test description 201	2	Financial cushion
202	Food	272.00	2020-09-27	Test description 202	2	Groceries
203	Flat rent	401.00	2020-09-01	Test description 203	2	Flat rent
204	Multimedia fees	612.00	2020-09-26	Test description 204	2	Phone
205	Transport	990.00	2020-09-02	Test description 205	2	Gas
206	Loans	555.00	2020-09-13	Test description 206	2	Loan
207	Fund costs	408.00	2020-09-02	Test description 207	2	Health care
208	Company expenses	697.00	2020-09-09	Test description 208	2	Others
209	My loans to others	363.00	2020-09-17	Test description 209	2	Others
210	Others	139.00	2020-09-11	Test description 210	2	Others
211	Savings	86.00	2020-10-08	Test description 211	2	Financial cushion
212	Food	256.00	2020-10-22	Test description 212	2	Groceries
213	Flat rent	688.00	2020-10-04	Test description 213	2	Flat rent
214	Multimedia fees	641.00	2020-10-22	Test description 214	2	Phone
215	Transport	484.00	2020-10-09	Test description 215	2	Gas
216	Loans	603.00	2020-10-23	Test description 216	2	Loan
217	Fund costs	567.00	2020-10-28	Test description 217	2	Health care
218	Company expenses	744.00	2020-10-20	Test description 218	2	Others
219	My loans to others	787.00	2020-10-01	Test description 219	2	Others
220	Others	171.00	2020-10-05	Test description 220	2	Others
221	Savings	240.00	2020-11-21	Test description 221	2	Financial cushion
222	Food	158.00	2020-11-22	Test description 222	2	Groceries
223	Flat rent	340.00	2020-11-13	Test description 223	2	Flat rent
224	Multimedia fees	89.00	2020-11-04	Test description 224	2	Phone
225	Transport	750.00	2020-11-19	Test description 225	2	Gas
226	Loans	536.00	2020-11-28	Test description 226	2	Loan
227	Fund costs	371.00	2020-11-14	Test description 227	2	Health care
228	Company expenses	250.00	2020-11-05	Test description 228	2	Others
229	My loans to others	506.00	2020-11-12	Test description 229	2	Others
230	Others	300.00	2020-11-14	Test description 230	2	Others
231	Savings	744.00	2020-12-04	Test description 231	2	Financial cushion
232	Food	237.00	2020-12-07	Test description 232	2	Groceries
233	Flat rent	322.00	2020-12-17	Test description 233	2	Flat rent
234	Multimedia fees	303.00	2020-12-19	Test description 234	2	Phone
235	Transport	971.00	2020-12-13	Test description 235	2	Gas
236	Loans	905.00	2020-12-13	Test description 236	2	Loan
237	Fund costs	470.00	2020-12-08	Test description 237	2	Health care
238	Company expenses	492.00	2020-12-23	Test description 238	2	Others
239	My loans to others	165.00	2020-12-08	Test description 239	2	Others
240	Others	981.00	2020-12-28	Test description 240	2	Others
241	Savings	941.00	2021-01-21	Test description 241	2	Financial cushion
242	Food	760.00	2021-01-08	Test description 242	2	Groceries
243	Flat rent	699.00	2021-01-12	Test description 243	2	Flat rent
244	Multimedia fees	916.00	2021-01-11	Test description 244	2	Phone
245	Transport	629.00	2021-01-07	Test description 245	2	Gas
246	Loans	544.00	2021-01-25	Test description 246	2	Loan
247	Fund costs	70.00	2021-01-28	Test description 247	2	Health care
248	Company expenses	367.00	2021-01-01	Test description 248	2	Others
249	My loans to others	237.00	2021-01-26	Test description 249	2	Others
250	Others	637.00	2021-01-10	Test description 250	2	Others
251	Savings	988.00	2021-02-26	Test description 251	2	Financial cushion
252	Food	384.00	2021-02-17	Test description 252	2	Groceries
253	Flat rent	474.00	2021-02-19	Test description 253	2	Flat rent
254	Multimedia fees	421.00	2021-02-12	Test description 254	2	Phone
255	Transport	372.00	2021-02-12	Test description 255	2	Gas
256	Loans	843.00	2021-02-17	Test description 256	2	Loan
257	Fund costs	403.00	2021-02-02	Test description 257	2	Health care
258	Company expenses	181.00	2021-02-28	Test description 258	2	Others
259	My loans to others	530.00	2021-02-01	Test description 259	2	Others
260	Others	324.00	2021-02-13	Test description 260	2	Others
261	Savings	268.00	2021-03-08	Test description 261	2	Financial cushion
262	Food	479.00	2021-03-28	Test description 262	2	Groceries
263	Flat rent	468.00	2021-03-27	Test description 263	2	Flat rent
264	Multimedia fees	369.00	2021-03-11	Test description 264	2	Phone
265	Transport	824.00	2021-03-20	Test description 265	2	Gas
266	Loans	590.00	2021-03-13	Test description 266	2	Loan
267	Fund costs	822.00	2021-03-08	Test description 267	2	Health care
268	Company expenses	858.00	2021-03-12	Test description 268	2	Others
269	My loans to others	251.00	2021-03-28	Test description 269	2	Others
270	Others	440.00	2021-03-09	Test description 270	2	Others
271	Savings	116.00	2021-04-17	Test description 271	2	Financial cushion
272	Food	251.00	2021-04-02	Test description 272	2	Groceries
273	Flat rent	135.00	2021-04-14	Test description 273	2	Flat rent
274	Multimedia fees	407.00	2021-04-23	Test description 274	2	Phone
275	Transport	630.00	2021-04-04	Test description 275	2	Gas
276	Loans	864.00	2021-04-16	Test description 276	2	Loan
277	Fund costs	807.00	2021-04-10	Test description 277	2	Health care
278	Company expenses	632.00	2021-04-07	Test description 278	2	Others
279	My loans to others	523.00	2021-04-16	Test description 279	2	Others
280	Others	552.00	2021-04-09	Test description 280	2	Others
281	Savings	69.00	2021-05-25	Test description 281	2	Financial cushion
282	Food	654.00	2021-05-09	Test description 282	2	Groceries
283	Flat rent	224.00	2021-05-13	Test description 283	2	Flat rent
284	Multimedia fees	854.00	2021-05-13	Test description 284	2	Phone
285	Transport	496.00	2021-05-08	Test description 285	2	Gas
286	Loans	774.00	2021-05-19	Test description 286	2	Loan
287	Fund costs	121.00	2021-05-08	Test description 287	2	Health care
288	Company expenses	643.00	2021-05-26	Test description 288	2	Others
289	My loans to others	456.00	2021-05-17	Test description 289	2	Others
290	Others	511.00	2021-05-28	Test description 290	2	Others
291	Savings	53.00	2021-06-16	Test description 291	2	Financial cushion
292	Food	395.00	2021-06-09	Test description 292	2	Groceries
293	Flat rent	335.00	2021-06-08	Test description 293	2	Flat rent
294	Multimedia fees	562.00	2021-06-07	Test description 294	2	Phone
295	Transport	768.00	2021-06-23	Test description 295	2	Gas
296	Loans	57.00	2021-06-09	Test description 296	2	Loan
297	Fund costs	810.00	2021-06-17	Test description 297	2	Health care
298	Company expenses	358.00	2021-06-06	Test description 298	2	Others
299	My loans to others	516.00	2021-06-09	Test description 299	2	Others
300	Others	772.00	2021-06-07	Test description 300	2	Others
301	Savings	138.00	2021-07-25	Test description 301	2	Financial cushion
302	Food	494.00	2021-07-13	Test description 302	2	Groceries
303	Flat rent	415.00	2021-07-23	Test description 303	2	Flat rent
304	Multimedia fees	919.00	2021-07-04	Test description 304	2	Phone
305	Transport	908.00	2021-07-21	Test description 305	2	Gas
306	Loans	95.00	2021-07-08	Test description 306	2	Loan
307	Fund costs	303.00	2021-07-27	Test description 307	2	Health care
308	Company expenses	199.00	2021-07-21	Test description 308	2	Others
309	My loans to others	272.00	2021-07-24	Test description 309	2	Others
310	Others	878.00	2021-07-08	Test description 310	2	Others
311	Savings	49.00	2021-08-08	Test description 311	2	Financial cushion
312	Food	378.00	2021-08-07	Test description 312	2	Groceries
313	Flat rent	199.00	2021-08-25	Test description 313	2	Flat rent
314	Multimedia fees	762.00	2021-08-07	Test description 314	2	Phone
315	Transport	703.00	2021-08-18	Test description 315	2	Gas
316	Loans	522.00	2021-08-14	Test description 316	2	Loan
317	Fund costs	191.00	2021-08-11	Test description 317	2	Health care
318	Company expenses	400.00	2021-08-18	Test description 318	2	Others
319	My loans to others	310.00	2021-08-26	Test description 319	2	Others
320	Others	208.00	2021-08-11	Test description 320	2	Others
321	Savings	20.00	2021-09-13	Test description 321	2	Financial cushion
322	Food	170.00	2021-09-21	Test description 322	2	Groceries
323	Flat rent	430.00	2021-09-01	Test description 323	2	Flat rent
324	Multimedia fees	892.00	2021-09-07	Test description 324	2	Phone
325	Transport	479.00	2021-09-13	Test description 325	2	Gas
326	Loans	328.00	2021-09-14	Test description 326	2	Loan
327	Fund costs	297.00	2021-09-05	Test description 327	2	Health care
328	Company expenses	185.00	2021-09-20	Test description 328	2	Others
329	My loans to others	315.00	2021-09-06	Test description 329	2	Others
330	Others	102.00	2021-09-07	Test description 330	2	Others
331	Savings	562.00	2021-10-27	Test description 331	2	Financial cushion
332	Food	167.00	2021-10-02	Test description 332	2	Groceries
333	Flat rent	788.00	2021-10-28	Test description 333	2	Flat rent
334	Multimedia fees	869.00	2021-10-01	Test description 334	2	Phone
335	Transport	318.00	2021-10-02	Test description 335	2	Gas
336	Loans	700.00	2021-10-19	Test description 336	2	Loan
337	Fund costs	923.00	2021-10-18	Test description 337	2	Health care
338	Company expenses	265.00	2021-10-04	Test description 338	2	Others
339	My loans to others	158.00	2021-10-04	Test description 339	2	Others
340	Others	20.00	2021-10-03	Test description 340	2	Others
341	Savings	198.00	2021-11-23	Test description 341	2	Financial cushion
342	Food	270.00	2021-11-20	Test description 342	2	Groceries
343	Flat rent	403.00	2021-11-26	Test description 343	2	Flat rent
344	Multimedia fees	46.00	2021-11-19	Test description 344	2	Phone
345	Transport	956.00	2021-11-22	Test description 345	2	Gas
346	Loans	125.00	2021-11-23	Test description 346	2	Loan
347	Fund costs	933.00	2021-11-24	Test description 347	2	Health care
348	Company expenses	457.00	2021-11-19	Test description 348	2	Others
349	My loans to others	121.00	2021-11-18	Test description 349	2	Others
350	Others	124.00	2021-11-25	Test description 350	2	Others
351	Savings	128.00	2021-12-14	Test description 351	2	Financial cushion
352	Food	791.00	2021-12-02	Test description 352	2	Groceries
353	Flat rent	47.00	2021-12-24	Test description 353	2	Flat rent
354	Multimedia fees	60.00	2021-12-14	Test description 354	2	Phone
355	Transport	568.00	2021-12-23	Test description 355	2	Gas
356	Loans	925.00	2021-12-01	Test description 356	2	Loan
357	Fund costs	439.00	2021-12-25	Test description 357	2	Health care
358	Company expenses	358.00	2021-12-26	Test description 358	2	Others
359	My loans to others	437.00	2021-12-23	Test description 359	2	Others
360	Others	586.00	2021-12-28	Test description 360	2	Others
361	Savings	752.00	2022-01-03	Test description 361	2	Financial cushion
362	Food	154.00	2022-01-26	Test description 362	2	Groceries
363	Flat rent	338.00	2022-01-17	Test description 363	2	Flat rent
364	Multimedia fees	958.00	2022-01-12	Test description 364	2	Phone
365	Transport	566.00	2022-01-09	Test description 365	2	Gas
366	Loans	925.00	2022-01-20	Test description 366	2	Loan
367	Fund costs	124.00	2022-01-01	Test description 367	2	Health care
368	Company expenses	667.00	2022-01-01	Test description 368	2	Others
369	My loans to others	492.00	2022-01-01	Test description 369	2	Others
370	Others	24.00	2022-01-06	Test description 370	2	Others
371	Savings	709.00	2022-02-11	Test description 371	2	Financial cushion
372	Food	153.00	2022-02-14	Test description 372	2	Groceries
373	Flat rent	226.00	2022-02-15	Test description 373	2	Flat rent
374	Multimedia fees	924.00	2022-02-28	Test description 374	2	Phone
375	Transport	553.00	2022-02-03	Test description 375	2	Gas
376	Loans	995.00	2022-02-03	Test description 376	2	Loan
377	Fund costs	185.00	2022-02-13	Test description 377	2	Health care
378	Company expenses	648.00	2022-02-27	Test description 378	2	Others
379	My loans to others	643.00	2022-02-10	Test description 379	2	Others
380	Others	628.00	2022-02-07	Test description 380	2	Others
381	Savings	907.00	2022-03-08	Test description 381	2	Financial cushion
382	Food	967.00	2022-03-09	Test description 382	2	Groceries
383	Flat rent	791.00	2022-03-06	Test description 383	2	Flat rent
384	Multimedia fees	39.00	2022-03-17	Test description 384	2	Phone
385	Transport	942.00	2022-03-20	Test description 385	2	Gas
386	Loans	549.00	2022-03-20	Test description 386	2	Loan
387	Fund costs	691.00	2022-03-03	Test description 387	2	Health care
388	Company expenses	371.00	2022-03-13	Test description 388	2	Others
389	My loans to others	381.00	2022-03-03	Test description 389	2	Others
390	Others	802.00	2022-03-11	Test description 390	2	Others
391	Savings	936.00	2022-04-07	Test description 391	2	Financial cushion
392	Food	574.00	2022-04-12	Test description 392	2	Groceries
393	Flat rent	620.00	2022-04-23	Test description 393	2	Flat rent
394	Multimedia fees	125.00	2022-04-27	Test description 394	2	Phone
395	Transport	601.00	2022-04-03	Test description 395	2	Gas
396	Loans	587.00	2022-04-08	Test description 396	2	Loan
397	Fund costs	618.00	2022-04-09	Test description 397	2	Health care
398	Company expenses	39.00	2022-04-04	Test description 398	2	Others
399	My loans to others	182.00	2022-04-25	Test description 399	2	Others
400	Others	660.00	2022-04-03	Test description 400	2	Others
401	Savings	736.00	2022-05-06	Test description 401	2	Financial cushion
402	Food	928.00	2022-05-18	Test description 402	2	Groceries
403	Flat rent	57.00	2022-05-23	Test description 403	2	Flat rent
404	Multimedia fees	803.00	2022-05-25	Test description 404	2	Phone
405	Transport	403.00	2022-05-06	Test description 405	2	Gas
406	Loans	121.00	2022-05-10	Test description 406	2	Loan
407	Fund costs	206.00	2022-05-17	Test description 407	2	Health care
408	Company expenses	788.00	2022-05-13	Test description 408	2	Others
409	My loans to others	529.00	2022-05-16	Test description 409	2	Others
410	Others	896.00	2022-05-15	Test description 410	2	Others
411	Savings	798.00	2022-06-15	Test description 411	2	Financial cushion
412	Food	826.00	2022-06-15	Test description 412	2	Groceries
413	Flat rent	253.00	2022-06-05	Test description 413	2	Flat rent
414	Multimedia fees	631.00	2022-06-11	Test description 414	2	Phone
415	Transport	967.00	2022-06-25	Test description 415	2	Gas
416	Loans	537.00	2022-06-13	Test description 416	2	Loan
417	Fund costs	123.00	2022-06-03	Test description 417	2	Health care
418	Company expenses	436.00	2022-06-20	Test description 418	2	Others
419	My loans to others	6.00	2022-06-27	Test description 419	2	Others
420	Others	206.00	2022-06-18	Test description 420	2	Others
421	Savings	407.00	2022-07-21	Test description 421	2	Financial cushion
422	Food	566.00	2022-07-11	Test description 422	2	Groceries
423	Flat rent	848.00	2022-07-12	Test description 423	2	Flat rent
424	Multimedia fees	221.00	2022-07-13	Test description 424	2	Phone
425	Transport	882.00	2022-07-20	Test description 425	2	Gas
426	Loans	455.00	2022-07-28	Test description 426	2	Loan
427	Fund costs	865.00	2022-07-26	Test description 427	2	Health care
428	Company expenses	566.00	2022-07-27	Test description 428	2	Others
429	My loans to others	176.00	2022-07-02	Test description 429	2	Others
430	Others	716.00	2022-07-16	Test description 430	2	Others
431	Savings	829.00	2022-08-02	Test description 431	2	Financial cushion
432	Food	896.00	2022-08-04	Test description 432	2	Groceries
433	Flat rent	395.00	2022-08-25	Test description 433	2	Flat rent
434	Multimedia fees	699.00	2022-08-19	Test description 434	2	Phone
435	Transport	893.00	2022-08-02	Test description 435	2	Gas
436	Loans	323.00	2022-08-17	Test description 436	2	Loan
437	Fund costs	68.00	2022-08-04	Test description 437	2	Health care
438	Company expenses	510.00	2022-08-02	Test description 438	2	Others
439	My loans to others	576.00	2022-08-07	Test description 439	2	Others
440	Others	388.00	2022-08-16	Test description 440	2	Others
441	Savings	34.00	2022-09-04	Test description 441	2	Financial cushion
442	Food	704.00	2022-09-28	Test description 442	2	Groceries
443	Flat rent	939.00	2022-09-03	Test description 443	2	Flat rent
444	Multimedia fees	661.00	2022-09-12	Test description 444	2	Phone
445	Transport	15.00	2022-09-26	Test description 445	2	Gas
446	Loans	278.00	2022-09-26	Test description 446	2	Loan
447	Fund costs	465.00	2022-09-02	Test description 447	2	Health care
448	Company expenses	851.00	2022-09-19	Test description 448	2	Others
449	My loans to others	634.00	2022-09-12	Test description 449	2	Others
450	Others	519.00	2022-09-11	Test description 450	2	Others
451	Savings	134.00	2022-10-19	Test description 451	2	Financial cushion
452	Food	482.00	2022-10-10	Test description 452	2	Groceries
453	Flat rent	711.00	2022-10-10	Test description 453	2	Flat rent
454	Multimedia fees	877.00	2022-10-11	Test description 454	2	Phone
455	Transport	749.00	2022-10-01	Test description 455	2	Gas
456	Loans	131.00	2022-10-21	Test description 456	2	Loan
457	Fund costs	962.00	2022-10-23	Test description 457	2	Health care
458	Company expenses	907.00	2022-10-03	Test description 458	2	Others
459	My loans to others	625.00	2022-10-19	Test description 459	2	Others
460	Others	951.00	2022-10-25	Test description 460	2	Others
461	Savings	944.00	2022-11-09	Test description 461	2	Financial cushion
462	Food	288.00	2022-11-14	Test description 462	2	Groceries
463	Flat rent	541.00	2022-11-19	Test description 463	2	Flat rent
464	Multimedia fees	631.00	2022-11-17	Test description 464	2	Phone
465	Transport	610.00	2022-11-20	Test description 465	2	Gas
466	Loans	957.00	2022-11-22	Test description 466	2	Loan
467	Fund costs	676.00	2022-11-02	Test description 467	2	Health care
468	Company expenses	831.00	2022-11-06	Test description 468	2	Others
469	My loans to others	661.00	2022-11-19	Test description 469	2	Others
470	Others	444.00	2022-11-28	Test description 470	2	Others
471	Savings	532.00	2022-12-01	Test description 471	2	Financial cushion
472	Food	767.00	2022-12-02	Test description 472	2	Groceries
473	Flat rent	948.00	2022-12-15	Test description 473	2	Flat rent
474	Multimedia fees	783.00	2022-12-06	Test description 474	2	Phone
475	Transport	311.00	2022-12-23	Test description 475	2	Gas
476	Loans	143.00	2022-12-04	Test description 476	2	Loan
477	Fund costs	609.00	2022-12-09	Test description 477	2	Health care
478	Company expenses	515.00	2022-12-12	Test description 478	2	Others
479	My loans to others	723.00	2022-12-22	Test description 479	2	Others
480	Others	905.00	2022-12-19	Test description 480	2	Others
481	Savings	780.00	2023-01-07	Test description 481	2	Financial cushion
482	Food	675.00	2023-01-22	Test description 482	2	Groceries
483	Flat rent	488.00	2023-01-27	Test description 483	2	Flat rent
484	Multimedia fees	233.00	2023-01-10	Test description 484	2	Phone
485	Transport	322.00	2023-01-28	Test description 485	2	Gas
486	Loans	778.00	2023-01-12	Test description 486	2	Loan
487	Fund costs	399.00	2023-01-11	Test description 487	2	Health care
488	Company expenses	482.00	2023-01-25	Test description 488	2	Others
489	My loans to others	405.00	2023-01-19	Test description 489	2	Others
490	Others	514.00	2023-01-20	Test description 490	2	Others
491	Savings	172.00	2023-02-16	Test description 491	2	Financial cushion
492	Food	702.00	2023-02-14	Test description 492	2	Groceries
493	Flat rent	138.00	2023-02-21	Test description 493	2	Flat rent
494	Multimedia fees	65.00	2023-02-04	Test description 494	2	Phone
495	Transport	107.00	2023-02-21	Test description 495	2	Gas
496	Loans	933.00	2023-02-08	Test description 496	2	Loan
497	Fund costs	504.00	2023-02-05	Test description 497	2	Health care
498	Company expenses	289.00	2023-02-28	Test description 498	2	Others
499	My loans to others	700.00	2023-02-10	Test description 499	2	Others
500	Others	514.00	2023-02-04	Test description 500	2	Others
501	Savings	339.00	2023-03-13	Test description 501	2	Financial cushion
502	Food	987.00	2023-03-12	Test description 502	2	Groceries
503	Flat rent	477.00	2023-03-04	Test description 503	2	Flat rent
504	Multimedia fees	485.00	2023-03-03	Test description 504	2	Phone
505	Transport	877.00	2023-03-05	Test description 505	2	Gas
506	Loans	212.00	2023-03-15	Test description 506	2	Loan
507	Fund costs	719.00	2023-03-19	Test description 507	2	Health care
508	Company expenses	303.00	2023-03-19	Test description 508	2	Others
509	My loans to others	897.00	2023-03-24	Test description 509	2	Others
510	Others	984.00	2023-03-16	Test description 510	2	Others
511	Savings	217.00	2023-04-26	Test description 511	2	Financial cushion
512	Food	718.00	2023-04-22	Test description 512	2	Groceries
513	Flat rent	111.00	2023-04-03	Test description 513	2	Flat rent
514	Multimedia fees	565.00	2023-04-19	Test description 514	2	Phone
515	Transport	528.00	2023-04-15	Test description 515	2	Gas
516	Loans	731.00	2023-04-13	Test description 516	2	Loan
517	Fund costs	229.00	2023-04-05	Test description 517	2	Health care
518	Company expenses	178.00	2023-04-21	Test description 518	2	Others
519	My loans to others	475.00	2023-04-05	Test description 519	2	Others
520	Others	162.00	2023-04-12	Test description 520	2	Others
521	Savings	774.00	2023-05-09	Test description 521	2	Financial cushion
522	Food	577.00	2023-05-18	Test description 522	2	Groceries
523	Flat rent	618.00	2023-05-14	Test description 523	2	Flat rent
524	Multimedia fees	454.00	2023-05-04	Test description 524	2	Phone
525	Transport	597.00	2023-05-10	Test description 525	2	Gas
526	Loans	828.00	2023-05-07	Test description 526	2	Loan
527	Fund costs	364.00	2023-05-23	Test description 527	2	Health care
528	Company expenses	914.00	2023-05-28	Test description 528	2	Others
529	My loans to others	629.00	2023-05-15	Test description 529	2	Others
530	Others	482.00	2023-05-09	Test description 530	2	Others
531	Savings	180.00	2023-06-25	Test description 531	2	Financial cushion
532	Food	454.00	2023-06-24	Test description 532	2	Groceries
533	Flat rent	426.00	2023-06-14	Test description 533	2	Flat rent
534	Multimedia fees	733.00	2023-06-03	Test description 534	2	Phone
535	Transport	723.00	2023-06-06	Test description 535	2	Gas
536	Loans	66.00	2023-06-22	Test description 536	2	Loan
537	Fund costs	769.00	2023-06-07	Test description 537	2	Health care
538	Company expenses	490.00	2023-06-24	Test description 538	2	Others
539	My loans to others	392.00	2023-06-10	Test description 539	2	Others
540	Others	527.00	2023-06-21	Test description 540	2	Others
541	Savings	368.00	2023-07-14	Test description 541	2	Financial cushion
542	Food	57.00	2023-07-09	Test description 542	2	Groceries
543	Flat rent	315.00	2023-07-17	Test description 543	2	Flat rent
544	Multimedia fees	601.00	2023-07-18	Test description 544	2	Phone
545	Transport	664.00	2023-07-23	Test description 545	2	Gas
546	Loans	641.00	2023-07-17	Test description 546	2	Loan
547	Fund costs	663.00	2023-07-03	Test description 547	2	Health care
548	Company expenses	471.00	2023-07-06	Test description 548	2	Others
549	My loans to others	535.00	2023-07-01	Test description 549	2	Others
550	Others	659.00	2023-07-09	Test description 550	2	Others
551	Savings	18.00	2023-08-22	Test description 551	2	Financial cushion
552	Food	366.00	2023-08-14	Test description 552	2	Groceries
553	Flat rent	921.00	2023-08-11	Test description 553	2	Flat rent
554	Multimedia fees	713.00	2023-08-20	Test description 554	2	Phone
555	Transport	756.00	2023-08-21	Test description 555	2	Gas
556	Loans	524.00	2023-08-07	Test description 556	2	Loan
557	Fund costs	447.00	2023-08-21	Test description 557	2	Health care
558	Company expenses	808.00	2023-08-14	Test description 558	2	Others
559	My loans to others	458.00	2023-08-24	Test description 559	2	Others
560	Others	580.00	2023-08-28	Test description 560	2	Others
561	Savings	424.00	2023-09-25	Test description 561	2	Financial cushion
562	Food	112.00	2023-09-08	Test description 562	2	Groceries
563	Flat rent	424.00	2023-09-14	Test description 563	2	Flat rent
564	Multimedia fees	459.00	2023-09-09	Test description 564	2	Phone
565	Transport	856.00	2023-09-06	Test description 565	2	Gas
566	Loans	349.00	2023-09-27	Test description 566	2	Loan
567	Fund costs	137.00	2023-09-12	Test description 567	2	Health care
568	Company expenses	882.00	2023-09-20	Test description 568	2	Others
569	My loans to others	240.00	2023-09-27	Test description 569	2	Others
570	Others	105.00	2023-09-23	Test description 570	2	Others
571	Savings	941.00	2023-10-04	Test description 571	2	Financial cushion
572	Food	692.00	2023-10-01	Test description 572	2	Groceries
573	Flat rent	382.00	2023-10-06	Test description 573	2	Flat rent
574	Multimedia fees	102.00	2023-10-19	Test description 574	2	Phone
575	Transport	957.00	2023-10-10	Test description 575	2	Gas
576	Loans	536.00	2023-10-07	Test description 576	2	Loan
577	Fund costs	190.00	2023-10-05	Test description 577	2	Health care
578	Company expenses	191.00	2023-10-19	Test description 578	2	Others
579	My loans to others	32.00	2023-10-21	Test description 579	2	Others
580	Others	998.00	2023-10-21	Test description 580	2	Others
581	Savings	393.00	2023-11-27	Test description 581	2	Financial cushion
582	Food	90.00	2023-11-20	Test description 582	2	Groceries
583	Flat rent	25.00	2023-11-10	Test description 583	2	Flat rent
584	Multimedia fees	571.00	2023-11-04	Test description 584	2	Phone
585	Transport	234.00	2023-11-17	Test description 585	2	Gas
586	Loans	296.00	2023-11-06	Test description 586	2	Loan
587	Fund costs	260.00	2023-11-08	Test description 587	2	Health care
588	Company expenses	930.00	2023-11-07	Test description 588	2	Others
589	My loans to others	308.00	2023-11-06	Test description 589	2	Others
590	Others	696.00	2023-11-16	Test description 590	2	Others
591	Savings	125.00	2023-12-17	Test description 591	2	Financial cushion
592	Food	328.00	2023-12-22	Test description 592	2	Groceries
593	Flat rent	40.00	2023-12-03	Test description 593	2	Flat rent
594	Multimedia fees	380.00	2023-12-02	Test description 594	2	Phone
595	Transport	966.00	2023-12-06	Test description 595	2	Gas
596	Loans	3.00	2023-12-24	Test description 596	2	Loan
597	Fund costs	545.00	2023-12-05	Test description 597	2	Health care
598	Company expenses	866.00	2023-12-23	Test description 598	2	Others
599	My loans to others	323.00	2023-12-02	Test description 599	2	Others
600	Others	714.00	2023-12-05	Test description 600	2	Others
\.


--
-- Data for Name: expenses_report; Type: TABLE DATA; Schema: public; Owner: postgres
--

COPY public.expenses_report (id, year, month, show_report_url, user_id, data, report_save_path) FROM stdin;
\.


--
-- Name: auth_group_id_seq; Type: SEQUENCE SET; Schema: public; Owner: postgres
--

SELECT pg_catalog.setval('public.auth_group_id_seq', 1, false);


--
-- Name: auth_group_permissions_id_seq; Type: SEQUENCE SET; Schema: public; Owner: postgres
--

SELECT pg_catalog.setval('public.auth_group_permissions_id_seq', 1, false);


--
-- Name: auth_permission_id_seq; Type: SEQUENCE SET; Schema: public; Owner: postgres
--

SELECT pg_catalog.setval('public.auth_permission_id_seq', 40, true);


--
-- Name: auth_user_groups_id_seq; Type: SEQUENCE SET; Schema: public; Owner: postgres
--

SELECT pg_catalog.setval('public.auth_user_groups_id_seq', 1, false);


--
-- Name: auth_user_id_seq; Type: SEQUENCE SET; Schema: public; Owner: postgres
--

SELECT pg_catalog.setval('public.auth_user_id_seq', 2, true);


--
-- Name: auth_user_user_permissions_id_seq; Type: SEQUENCE SET; Schema: public; Owner: postgres
--

SELECT pg_catalog.setval('public.auth_user_user_permissions_id_seq', 1, false);


--
-- Name: django_admin_log_id_seq; Type: SEQUENCE SET; Schema: public; Owner: postgres
--

SELECT pg_catalog.setval('public.django_admin_log_id_seq', 2, true);


--
-- Name: django_content_type_id_seq; Type: SEQUENCE SET; Schema: public; Owner: postgres
--

SELECT pg_catalog.setval('public.django_content_type_id_seq', 10, true);


--
-- Name: django_migrations_id_seq; Type: SEQUENCE SET; Schema: public; Owner: postgres
--

SELECT pg_catalog.setval('public.django_migrations_id_seq', 47, true);


--
-- Name: expenses_expense_id_seq; Type: SEQUENCE SET; Schema: public; Owner: postgres
--

SELECT pg_catalog.setval('public.expenses_expense_id_seq', 600, true);


--
-- Name: expenses_report_id_seq; Type: SEQUENCE SET; Schema: public; Owner: postgres
--

SELECT pg_catalog.setval('public.expenses_report_id_seq', 1, false);


--
-- Name: auth_group auth_group_name_key; Type: CONSTRAINT; Schema: public; Owner: postgres
--

ALTER TABLE ONLY public.auth_group
    ADD CONSTRAINT auth_group_name_key UNIQUE (name);


--
-- Name: auth_group_permissions auth_group_permissions_group_id_permission_id_0cd325b0_uniq; Type: CONSTRAINT; Schema: public; Owner: postgres
--

ALTER TABLE ONLY public.auth_group_permissions
    ADD CONSTRAINT auth_group_permissions_group_id_permission_id_0cd325b0_uniq UNIQUE (group_id, permission_id);


--
-- Name: auth_group_permissions auth_group_permissions_pkey; Type: CONSTRAINT; Schema: public; Owner: postgres
--

ALTER TABLE ONLY public.auth_group_permissions
    ADD CONSTRAINT auth_group_permissions_pkey PRIMARY KEY (id);


--
-- Name: auth_group auth_group_pkey; Type: CONSTRAINT; Schema: public; Owner: postgres
--

ALTER TABLE ONLY public.auth_group
    ADD CONSTRAINT auth_group_pkey PRIMARY KEY (id);


--
-- Name: auth_permission auth_permission_content_type_id_codename_01ab375a_uniq; Type: CONSTRAINT; Schema: public; Owner: postgres
--

ALTER TABLE ONLY public.auth_permission
    ADD CONSTRAINT auth_permission_content_type_id_codename_01ab375a_uniq UNIQUE (content_type_id, codename);


--
-- Name: auth_permission auth_permission_pkey; Type: CONSTRAINT; Schema: public; Owner: postgres
--

ALTER TABLE ONLY public.auth_permission
    ADD CONSTRAINT auth_permission_pkey PRIMARY KEY (id);


--
-- Name: auth_user_groups auth_user_groups_pkey; Type: CONSTRAINT; Schema: public; Owner: postgres
--

ALTER TABLE ONLY public.auth_user_groups
    ADD CONSTRAINT auth_user_groups_pkey PRIMARY KEY (id);


--
-- Name: auth_user_groups auth_user_groups_user_id_group_id_94350c0c_uniq; Type: CONSTRAINT; Schema: public; Owner: postgres
--

ALTER TABLE ONLY public.auth_user_groups
    ADD CONSTRAINT auth_user_groups_user_id_group_id_94350c0c_uniq UNIQUE (user_id, group_id);


--
-- Name: auth_user auth_user_pkey; Type: CONSTRAINT; Schema: public; Owner: postgres
--

ALTER TABLE ONLY public.auth_user
    ADD CONSTRAINT auth_user_pkey PRIMARY KEY (id);


--
-- Name: auth_user_user_permissions auth_user_user_permissions_pkey; Type: CONSTRAINT; Schema: public; Owner: postgres
--

ALTER TABLE ONLY public.auth_user_user_permissions
    ADD CONSTRAINT auth_user_user_permissions_pkey PRIMARY KEY (id);


--
-- Name: auth_user_user_permissions auth_user_user_permissions_user_id_permission_id_14a6b632_uniq; Type: CONSTRAINT; Schema: public; Owner: postgres
--

ALTER TABLE ONLY public.auth_user_user_permissions
    ADD CONSTRAINT auth_user_user_permissions_user_id_permission_id_14a6b632_uniq UNIQUE (user_id, permission_id);


--
-- Name: auth_user auth_user_username_key; Type: CONSTRAINT; Schema: public; Owner: postgres
--

ALTER TABLE ONLY public.auth_user
    ADD CONSTRAINT auth_user_username_key UNIQUE (username);


--
-- Name: authtoken_token authtoken_token_pkey; Type: CONSTRAINT; Schema: public; Owner: postgres
--

ALTER TABLE ONLY public.authtoken_token
    ADD CONSTRAINT authtoken_token_pkey PRIMARY KEY (key);


--
-- Name: authtoken_token authtoken_token_user_id_key; Type: CONSTRAINT; Schema: public; Owner: postgres
--

ALTER TABLE ONLY public.authtoken_token
    ADD CONSTRAINT authtoken_token_user_id_key UNIQUE (user_id);


--
-- Name: django_admin_log django_admin_log_pkey; Type: CONSTRAINT; Schema: public; Owner: postgres
--

ALTER TABLE ONLY public.django_admin_log
    ADD CONSTRAINT django_admin_log_pkey PRIMARY KEY (id);


--
-- Name: django_content_type django_content_type_app_label_model_76bd3d3b_uniq; Type: CONSTRAINT; Schema: public; Owner: postgres
--

ALTER TABLE ONLY public.django_content_type
    ADD CONSTRAINT django_content_type_app_label_model_76bd3d3b_uniq UNIQUE (app_label, model);


--
-- Name: django_content_type django_content_type_pkey; Type: CONSTRAINT; Schema: public; Owner: postgres
--

ALTER TABLE ONLY public.django_content_type
    ADD CONSTRAINT django_content_type_pkey PRIMARY KEY (id);


--
-- Name: django_migrations django_migrations_pkey; Type: CONSTRAINT; Schema: public; Owner: postgres
--

ALTER TABLE ONLY public.django_migrations
    ADD CONSTRAINT django_migrations_pkey PRIMARY KEY (id);


--
-- Name: django_session django_session_pkey; Type: CONSTRAINT; Schema: public; Owner: postgres
--

ALTER TABLE ONLY public.django_session
    ADD CONSTRAINT django_session_pkey PRIMARY KEY (session_key);


--
-- Name: expenses_expense expenses_expense_pkey; Type: CONSTRAINT; Schema: public; Owner: postgres
--

ALTER TABLE ONLY public.expenses_expense
    ADD CONSTRAINT expenses_expense_pkey PRIMARY KEY (id);


--
-- Name: expenses_report expenses_report_pkey; Type: CONSTRAINT; Schema: public; Owner: postgres
--

ALTER TABLE ONLY public.expenses_report
    ADD CONSTRAINT expenses_report_pkey PRIMARY KEY (id);


--
-- Name: auth_group_name_a6ea08ec_like; Type: INDEX; Schema: public; Owner: postgres
--

CREATE INDEX auth_group_name_a6ea08ec_like ON public.auth_group USING btree (name varchar_pattern_ops);


--
-- Name: auth_group_permissions_group_id_b120cbf9; Type: INDEX; Schema: public; Owner: postgres
--

CREATE INDEX auth_group_permissions_group_id_b120cbf9 ON public.auth_group_permissions USING btree (group_id);


--
-- Name: auth_group_permissions_permission_id_84c5c92e; Type: INDEX; Schema: public; Owner: postgres
--

CREATE INDEX auth_group_permissions_permission_id_84c5c92e ON public.auth_group_permissions USING btree (permission_id);


--
-- Name: auth_permission_content_type_id_2f476e4b; Type: INDEX; Schema: public; Owner: postgres
--

CREATE INDEX auth_permission_content_type_id_2f476e4b ON public.auth_permission USING btree (content_type_id);


--
-- Name: auth_user_groups_group_id_97559544; Type: INDEX; Schema: public; Owner: postgres
--

CREATE INDEX auth_user_groups_group_id_97559544 ON public.auth_user_groups USING btree (group_id);


--
-- Name: auth_user_groups_user_id_6a12ed8b; Type: INDEX; Schema: public; Owner: postgres
--

CREATE INDEX auth_user_groups_user_id_6a12ed8b ON public.auth_user_groups USING btree (user_id);


--
-- Name: auth_user_user_permissions_permission_id_1fbb5f2c; Type: INDEX; Schema: public; Owner: postgres
--

CREATE INDEX auth_user_user_permissions_permission_id_1fbb5f2c ON public.auth_user_user_permissions USING btree (permission_id);


--
-- Name: auth_user_user_permissions_user_id_a95ead1b; Type: INDEX; Schema: public; Owner: postgres
--

CREATE INDEX auth_user_user_permissions_user_id_a95ead1b ON public.auth_user_user_permissions USING btree (user_id);


--
-- Name: auth_user_username_6821ab7c_like; Type: INDEX; Schema: public; Owner: postgres
--

CREATE INDEX auth_user_username_6821ab7c_like ON public.auth_user USING btree (username varchar_pattern_ops);


--
-- Name: authtoken_token_key_10f0b77e_like; Type: INDEX; Schema: public; Owner: postgres
--

CREATE INDEX authtoken_token_key_10f0b77e_like ON public.authtoken_token USING btree (key varchar_pattern_ops);


--
-- Name: django_admin_log_content_type_id_c4bce8eb; Type: INDEX; Schema: public; Owner: postgres
--

CREATE INDEX django_admin_log_content_type_id_c4bce8eb ON public.django_admin_log USING btree (content_type_id);


--
-- Name: django_admin_log_user_id_c564eba6; Type: INDEX; Schema: public; Owner: postgres
--

CREATE INDEX django_admin_log_user_id_c564eba6 ON public.django_admin_log USING btree (user_id);


--
-- Name: django_session_expire_date_a5c62663; Type: INDEX; Schema: public; Owner: postgres
--

CREATE INDEX django_session_expire_date_a5c62663 ON public.django_session USING btree (expire_date);


--
-- Name: django_session_session_key_c0390e0f_like; Type: INDEX; Schema: public; Owner: postgres
--

CREATE INDEX django_session_session_key_c0390e0f_like ON public.django_session USING btree (session_key varchar_pattern_ops);


--
-- Name: expenses_expense_user_id_ab1aae2b; Type: INDEX; Schema: public; Owner: postgres
--

CREATE INDEX expenses_expense_user_id_ab1aae2b ON public.expenses_expense USING btree (user_id);


--
-- Name: expenses_report_user_id_76ce407d; Type: INDEX; Schema: public; Owner: postgres
--

CREATE INDEX expenses_report_user_id_76ce407d ON public.expenses_report USING btree (user_id);


--
-- Name: auth_group_permissions auth_group_permissio_permission_id_84c5c92e_fk_auth_perm; Type: FK CONSTRAINT; Schema: public; Owner: postgres
--

ALTER TABLE ONLY public.auth_group_permissions
    ADD CONSTRAINT auth_group_permissio_permission_id_84c5c92e_fk_auth_perm FOREIGN KEY (permission_id) REFERENCES public.auth_permission(id) DEFERRABLE INITIALLY DEFERRED;


--
-- Name: auth_group_permissions auth_group_permissions_group_id_b120cbf9_fk_auth_group_id; Type: FK CONSTRAINT; Schema: public; Owner: postgres
--

ALTER TABLE ONLY public.auth_group_permissions
    ADD CONSTRAINT auth_group_permissions_group_id_b120cbf9_fk_auth_group_id FOREIGN KEY (group_id) REFERENCES public.auth_group(id) DEFERRABLE INITIALLY DEFERRED;


--
-- Name: auth_permission auth_permission_content_type_id_2f476e4b_fk_django_co; Type: FK CONSTRAINT; Schema: public; Owner: postgres
--

ALTER TABLE ONLY public.auth_permission
    ADD CONSTRAINT auth_permission_content_type_id_2f476e4b_fk_django_co FOREIGN KEY (content_type_id) REFERENCES public.django_content_type(id) DEFERRABLE INITIALLY DEFERRED;


--
-- Name: auth_user_groups auth_user_groups_group_id_97559544_fk_auth_group_id; Type: FK CONSTRAINT; Schema: public; Owner: postgres
--

ALTER TABLE ONLY public.auth_user_groups
    ADD CONSTRAINT auth_user_groups_group_id_97559544_fk_auth_group_id FOREIGN KEY (group_id) REFERENCES public.auth_group(id) DEFERRABLE INITIALLY DEFERRED;


--
-- Name: auth_user_groups auth_user_groups_user_id_6a12ed8b_fk_auth_user_id; Type: FK CONSTRAINT; Schema: public; Owner: postgres
--

ALTER TABLE ONLY public.auth_user_groups
    ADD CONSTRAINT auth_user_groups_user_id_6a12ed8b_fk_auth_user_id FOREIGN KEY (user_id) REFERENCES public.auth_user(id) DEFERRABLE INITIALLY DEFERRED;


--
-- Name: auth_user_user_permissions auth_user_user_permi_permission_id_1fbb5f2c_fk_auth_perm; Type: FK CONSTRAINT; Schema: public; Owner: postgres
--

ALTER TABLE ONLY public.auth_user_user_permissions
    ADD CONSTRAINT auth_user_user_permi_permission_id_1fbb5f2c_fk_auth_perm FOREIGN KEY (permission_id) REFERENCES public.auth_permission(id) DEFERRABLE INITIALLY DEFERRED;


--
-- Name: auth_user_user_permissions auth_user_user_permissions_user_id_a95ead1b_fk_auth_user_id; Type: FK CONSTRAINT; Schema: public; Owner: postgres
--

ALTER TABLE ONLY public.auth_user_user_permissions
    ADD CONSTRAINT auth_user_user_permissions_user_id_a95ead1b_fk_auth_user_id FOREIGN KEY (user_id) REFERENCES public.auth_user(id) DEFERRABLE INITIALLY DEFERRED;


--
-- Name: authtoken_token authtoken_token_user_id_35299eff_fk_auth_user_id; Type: FK CONSTRAINT; Schema: public; Owner: postgres
--

ALTER TABLE ONLY public.authtoken_token
    ADD CONSTRAINT authtoken_token_user_id_35299eff_fk_auth_user_id FOREIGN KEY (user_id) REFERENCES public.auth_user(id) DEFERRABLE INITIALLY DEFERRED;


--
-- Name: django_admin_log django_admin_log_content_type_id_c4bce8eb_fk_django_co; Type: FK CONSTRAINT; Schema: public; Owner: postgres
--

ALTER TABLE ONLY public.django_admin_log
    ADD CONSTRAINT django_admin_log_content_type_id_c4bce8eb_fk_django_co FOREIGN KEY (content_type_id) REFERENCES public.django_content_type(id) DEFERRABLE INITIALLY DEFERRED;


--
-- Name: django_admin_log django_admin_log_user_id_c564eba6_fk_auth_user_id; Type: FK CONSTRAINT; Schema: public; Owner: postgres
--

ALTER TABLE ONLY public.django_admin_log
    ADD CONSTRAINT django_admin_log_user_id_c564eba6_fk_auth_user_id FOREIGN KEY (user_id) REFERENCES public.auth_user(id) DEFERRABLE INITIALLY DEFERRED;


--
-- Name: expenses_expense expenses_expense_user_id_ab1aae2b_fk_auth_user_id; Type: FK CONSTRAINT; Schema: public; Owner: postgres
--

ALTER TABLE ONLY public.expenses_expense
    ADD CONSTRAINT expenses_expense_user_id_ab1aae2b_fk_auth_user_id FOREIGN KEY (user_id) REFERENCES public.auth_user(id) DEFERRABLE INITIALLY DEFERRED;


--
-- Name: expenses_report expenses_report_user_id_76ce407d_fk_auth_user_id; Type: FK CONSTRAINT; Schema: public; Owner: postgres
--

ALTER TABLE ONLY public.expenses_report
    ADD CONSTRAINT expenses_report_user_id_76ce407d_fk_auth_user_id FOREIGN KEY (user_id) REFERENCES public.auth_user(id) DEFERRABLE INITIALLY DEFERRED;


--
-- PostgreSQL database dump complete
--

